indicator,total_predictions,times_predicted_seen,times_actually_seen,correct_predictions,accuracy,avg_predicted_prob,avg_threshold
104.21.54.132,1,1,0,0,0.0,0.5770000219345093,0.4
172.240.108.68,1,1,0,0,0.0,0.9359999895095825,0.4
185.230.63.171,1,1,0,0,0.0,0.9539999961853027,0.4
192.124.249.112,1,0,1,0,0.0,0.050999999046325684,0.4
34.160.111.145,1,1,0,0,0.0,0.9629999995231628,0.5
68.67.179.164,1,0,1,0,0.0,0.16599999368190765,0.4
www.shorturl.at/,1,0,1,0,0.0,0.39500001072883606,0.4
