TRRI_Horizon,Total_TRRI
TRRI_14d,418361.1
TRRI_1d,202994.1
TRRI_30d,488014.2
TRRI_45d,433028.30000000005
TRRI_7d,357096.89999999997
