TRRI_Horizon,Total_TRRI
TRRI_14d,409462.89999999997
TRRI_1d,199740.9
TRRI_30d,476080.49999999994
TRRI_45d,420404.69999999995
TRRI_7d,350395.5
